{"cameraMode":{"drawMode":0,"name":"Shaded","section":"Shading Mode"},"sceneLighting":false,"audioPlay":false,"sceneViewState":{"m_AlwaysRefresh":false,"showFog":true,"showSkybox":false,"showFlares":true,"showImageEffects":true,"showParticleSystems":true,"showVisualEffectGraphs":true,"m_FxEnabled":true},"in2DMode":false,"pivot":{"x":10.234135627746582,"y":1.9833333492279053,"z":-7.004807949066162},"rotation":{"x":0.30092477798461916,"y":0.1648431122303009,"z":-0.05290999263525009,"w":0.9378251433372498},"size":0.5317735075950623,"orthographic":false}