{"cameraMode":{"drawMode":0,"name":"Shaded","section":"Shading Mode"},"sceneLighting":false,"audioPlay":false,"sceneViewState":{"m_AlwaysRefresh":false,"showFog":true,"showSkybox":false,"showFlares":true,"showImageEffects":true,"showParticleSystems":true,"showVisualEffectGraphs":true,"m_FxEnabled":true},"in2DMode":false,"pivot":{"x":0.24400000274181367,"y":0.057999998331069949,"z":0.718999981880188},"rotation":{"x":0.014346631243824959,"y":-0.769920825958252,"z":0.017330192029476167,"w":0.6377704739570618},"size":0.07416556030511856,"orthographic":false}